{
      "Block": "1",
      "Healthdata": "[{'Age': '0', 'Sex': '', 'Temperature': '31.53', 'Heartrate': '46', 'Respiration': '13', 'Spo2': '98', 'Predict': ''}, {'Age': '0', 'Sex': '', 'Temperature': '31.53', 'Heartrate': '0', 'Respiration': '13', 'Spo2': '98', 'Predict': ''}, {'Age': '0', 'Sex': '', 'Temperature': '31.61', 'Heartrate': '0', 'Respiration': '14', 'Spo2': '98', 'Predict': ''}, {'Age': '0', 'Sex': '', 'Temperature': '0.00', 'Heartrate': '0', 'Respiration': '0', 'Spo2': '0', 'Predict': ''}, {'Age': '0', 'Sex': '', 'Temperature': '31.78', 'Heartrate': '0', 'Respiration': '0', 'Spo2': '0', 'Predict': ''}, {'Age': '0', 'Sex': '', 'Temperature': '31.78', 'Heartrate': '0', 'Respiration': '13', 'Spo2': '98', 'Predict': ''}, {'Age': '0', 'Sex': '', 'Temperature': '31.72', 'Heartrate': '36', 'Respiration': '13', 'Spo2': '98', 'Predict': ''}, {'Age': '0', 'Sex': '', 'Temperature': '31.69', 'Heartrate': '83', 'Respiration': '13', 'Spo2': '98', 'Predict': ''}, {'Age': '0', 'Sex': '', 'Temperature': '31.69', 'Heartrate': '120', 'Respiration': '25', 'Spo2': '100', 'Predict': ''}, {'Age': '0', 'Sex': '', 'Temperature': '31.64', 'Heartrate': '129', 'Respiration': '25', 'Spo2': '100', 'Predict': ''}, {'Age': '0', 'Sex': '', 'Temperature': '31.58', 'Heartrate': '122', 'Respiration': '22', 'Spo2': '92', 'Predict': ''}, {'Age': '0', 'Sex': '', 'Temperature': '31.58', 'Heartrate': '0', 'Respiration': '22', 'Spo2': '92', 'Predict': ''}, {'Age': '0', 'Sex': '', 'Temperature': '31.44', 'Heartrate': '70', 'Respiration': '22', 'Spo2': '99', 'Predict': ''}, {'Age': '0', 'Sex': '', 'Temperature': '31.39', 'Heartrate': '45', 'Respiration': '3', 'Spo2': '99', 'Predict': ''}]",
      "Hash": "ae734bf2247339ad4155cec029232e4830a96ad69dcc0510eb73573e78a1414f",
      "PreviousHash": "9a8f2cd6900b67908b837d358bd156258e5b09018e9d303367f24c3bae4b1cae",
      "TimeStamp": "2020-11-20 18:29:06"
}